True Cell Type,Predicted Main Cell Type,Predicted Sub Cell Types,Possible Mixed Cell Types,Marker Number,Marker List,Iterations,Model,Provider,Tissue,Species,Additional Info,Conversation History,Score,Scoring_Reasoning
transit amplifying cell of large intestine,Proliferative Cells,"Transit-Amplifying (TA) Cells, Intestinal Stem Cells, Cycling Progenitor Cells",,50,"HJURP, UBE2C, CENPA, PBK, AURKB, DLGAP5, CKAP2L, KIF2C, KIF15, BIRC5, SPC25, ASPM, KIF18B, CEP55, DEPDC1, MKI67, CDC45, CDCA5, TOP2A, PCLAF, MND1, RRM2, ZNF695, CCNB2, NUF2, SKA3, SPC24, DTL, PKMYT1, CDCA3, TTK, DIAPH3, PLK1, IQGAP3, CDK1, TK1, POLQ, GTSE1, OIP5, FOXM1, TROAP, SKA1, NEK2, CDC25C, NCAPG, PIMREG, GINS2, RAD51AP1, CDT1, CCNA2",1,openai/gpt-4o-2024-11-20,openrouter,large intestine,human,,"Final Annotation Agent: ### Step-by-Step Analysis:

#### 1. **List the Key Functional Markers**
The provided marker list is highly enriched for genes associated with cell cycle regulation, mitosis, and DNA replication. Below are the key functional markers and their roles:

- **Cell Cycle and Mitosis Regulators**:
  - **HJURP**: Involved in centromere assembly and chromatin organization.
  - **UBE2C**: Ubiquitin-conjugating enzyme critical for cell cycle progression.
  - **CENPA**: Centromere protein essential for chromosome segregation.
  - **AURKB**: Aurora kinase B, a key regulator of mitosis.
  - **PLK1**: Polo-like kinase 1, essential for mitotic progression.
  - **CDK1**: Cyclin-dependent kinase 1, a master regulator of the cell cycle.
  - **CCNB2, CCNA2**: Cyclins involved in G2/M transition and S phase progression.
  - **MKI67**: A proliferation marker expressed in actively dividing cells.
  - **TOP2A**: Topoisomerase II alpha, involved in DNA replication and chromosome condensation.

- **Spindle Assembly and Chromosome Segregation**:
  - **KIF2C, KIF15, KIF18B**: Kinesins involved in spindle dynamics and chromosome alignment.
  - **BIRC5 (Survivin)**: Inhibitor of apoptosis and regulator of mitotic spindle checkpoint.
  - **SPC25, SPC24, NUF2, SKA1, SKA3**: Components of the kinetochore complex, essential for chromosome segregation.
  - **CEP55**: Involved in cytokinesis and abscission.

- **DNA Replication and Repair**:
  - **RRM2**: Ribonucleotide reductase subunit, critical for DNA synthesis.
  - **PCLAF**: Proliferating cell nuclear antigen (PCNA)-associated factor, involved in DNA replication.
  - **RAD51AP1**: Facilitates homologous recombination repair.
  - **CDT1**: Licensing factor for DNA replication.

- **Other Proliferation-Associated Genes**:
  - **FOXM1**: A transcription factor regulating genes involved in cell cycle progression.
  - **TK1**: Thymidine kinase, involved in DNA synthesis.
  - **GTSE1**: Regulates G2/M checkpoint and p53 signaling.

#### 2. **List the Key Cell Type Markers**
The marker list does not include specific markers for differentiated cell types or tissue-specific functions. Instead, it is dominated by genes associated with cell proliferation, mitosis, and DNA replication. This strongly suggests that the cluster represents a population of **actively dividing cells**.

#### 3. **Cross-reference Known Databases**
Using scRNA-seq databases such as the Human Cell Atlas, Tabula Sapiens, and literature on intestinal cell types:
- The expression of these markers is characteristic of **proliferative cells**, such as **intestinal stem cells** or **transit-amplifying (TA) cells**.
- Intestinal stem cells and TA cells are known to reside in the crypts of the large intestine and are highly proliferative, driving epithelial renewal.

#### 4. **Determine the Most Probable General Cell Type**
Based on the expression of these markers, the most probable general cell type is **proliferative cells** within the intestinal epithelium. These could include:
- **Intestinal stem cells**: Located at the base of the crypts, responsible for maintaining the intestinal epithelium.
- **Transit-amplifying (TA) cells**: Progeny of stem cells that rapidly divide before differentiating into mature intestinal epithelial cells.

#### 5. **Identify the Top 3 Most Probable Sub Cell Types**
1. **Transit-Amplifying (TA) Cells** (Most Likely):
   - TA cells are highly proliferative and express markers associated with cell cycle progression and mitosis, such as MKI67, TOP2A, and CCNB2.
   - They are located in the middle of the crypts and represent the majority of proliferative cells in the intestine.

2. **Intestinal Stem Cells** (Second Most Likely):
   - Stem cells are also proliferative but typically express additional markers such as LGR5, OLFM4, or ASCL2, which are not present in the provided list. This makes them less likely than TA cells.

3. **Cycling Progenitor Cells** (Least Likely):
   - These are intermediate cells between TA cells and fully differentiated cells. They are less proliferative than TA cells and typically express differentiation markers, which are absent in this list.

#### 6. **Provide a Concise Summary of Your Analysis**
The marker list is dominated by genes associated with cell cycle progression, mitosis, and DNA replication, indicating a population of highly proliferative cells. Cross-referencing with scRNA-seq databases and literature on intestinal cell types suggests that these cells are most likely **transit-amplifying (TA) cells** in the crypts of the large intestine. TA cells are progeny of intestinal stem cells and are responsible for rapid proliferation before differentiating into mature epithelial cells.

**Final Annotation**: **Transit-Amplifying (TA) Cells**

FINAL ANNOTATION COMPLETED | Coupling Validator: ### Validation Process:

#### 1. **Marker Consistency**
- The provided marker list is consistent with the annotation of **proliferative cells**, particularly those undergoing active cell cycle progression, mitosis, and DNA replication.
- The markers listed (e.g., **HJURP, UBE2C, CENPA, AURKB, PLK1, CDK1, CCNB2, MKI67, TOP2A**) are well-documented markers of cell proliferation and mitotic activity. These markers are commonly expressed in highly proliferative cell populations, such as **transit-amplifying (TA) cells** or other rapidly dividing cells.
- No markers for differentiated or tissue-specific cell types (e.g., mature intestinal epithelial cells) are present, which supports the conclusion that the cluster represents a population of proliferative cells.

#### 2. **Mixed Cell Type Consideration**
- The marker list does not strongly support the presence of multiple distinct cell types. Instead, the markers are highly specific to proliferative cells, with no evidence of markers for differentiated or non-proliferative cell types.
- While **intestinal stem cells** are mentioned as a possible subpopulation, the absence of stem cell-specific markers (e.g., **LGR5, OLFM4, ASCL2**) makes this less likely. The annotation appropriately prioritizes **transit-amplifying (TA) cells** as the most probable cell type.

#### 3. **Final Annotation Consistency**
- The annotation of **transit-amplifying (TA) cells** is consistent with the provided marker list and the analysis. TA cells are known to express high levels of cell cycle and mitosis-related genes, as they are the most proliferative population in the intestinal crypts.
- The step-by-step analysis is thorough and aligns with known biological characteristics of TA cells.

---

### Validation Result: **VALIDATION PASSED** | Formatting Agent: {
  ""main_cell_type"": ""Proliferative Cells"",
  ""sub_cell_types"": [
    ""Transit-Amplifying (TA) Cells"",
    ""Intestinal Stem Cells"",
    ""Cycling Progenitor Cells""
  ],
  ""possible_mixed_cell_types"": [],
  ""num_markers"": 50
}",95,"The annotation analysis demonstrates several strong points and a few minor limitations:

Strengths:
1. The analysis correctly identifies the proliferative nature of the cell population based on a comprehensive examination of cell cycle-related markers. The markers listed (HJURP, UBE2C, CENPA, etc.) are indeed strongly associated with cell division and proliferation.

2. The step-by-step analysis shows excellent consideration of marker hierarchy. It appropriately weighs the importance of top markers like HJURP, UBE2C, and CENPA, which appear first in the list and are crucial proliferation markers.

3. The identification of Transit-Amplifying (TA) cells as the primary cell type is well-justified, given the intestinal origin and the strong proliferation signature. The analysis correctly notes that while stem cells are possible, the absence of specific stem cell markers (LGR5, OLFM4) makes TA cells more likely.

4. The analysis provides a balanced view by considering multiple possibilities (TA cells, stem cells, and cycling progenitors) while clearly explaining why TA cells are the most probable annotation.

Minor limitations:
1. While the analysis is thorough for proliferation markers, it could have provided more context about why other intestinal cell types (enterocytes, goblet cells, etc.) were excluded.

2. The analysis could have more explicitly discussed the relationship between marker ranking and their relative importance in the final annotation decision.

Overall, the annotation is highly accurate and well-reasoned, providing a comprehensive view of the cell population while maintaining scientific rigor and appropriate consideration of marker hierarchy."
intestinal crypt stem cell,intestinal stem cells,"LGR5+ Crypt Base Columnar Cells (CBCs), Progenitor Transit-Amplifying Cells, Reserve Stem Cells",,50,"AL031284.1, AC012085.1, IGFBPL1, HMGN2P6, CHCHD2P9, PPIAP40, LGR5, RPL7P54, AC010132.3, EIF5AP4, AC008694.2, COX5AP2, TDGF1, ASCL2, AC092670.1, NPM1P6, PPIAP11, AC090498.1, RPL41P1, CYCSP55, HMGN2P4, TPI1P1, RPL41P5, AL162151.2, PPIAP29, HNRNPA1P4, AC016596.2, AL603825.1, RPL9P21, AC005884.2, PPIAP31, HMGN1P36, HMGN2P41, AL035411.1, RPS26P39, FABP5P7, SDHDP6, ATP5PFP1, EEF1A1P5, RPSAP8, HMGN2P3, SLC39A2, KRT8P13, RPL21P16, RPSAP15, HMGN1P38, AF279873.1, RPL7P6, AC112491.1, AC022968.1",1,openai/gpt-4o-2024-11-20,openrouter,large intestine,human,,"Final Annotation Agent: To annotate the cell type of this cluster from the large intestine tissue based on the provided ranked marker list, I will follow the outlined steps systematically.

---

### **Step 1: List the Key Functional Markers**
From the provided list, I will extract and group genes that are associated with specific functions or pathways. These markers often provide insight into the biological processes active in the cell cluster.

1. **LGR5**: A well-known marker for intestinal stem cells. It is a Wnt target gene and is critical for maintaining stemness in the intestinal crypts.
2. **TDGF1**: Also known as Cripto-1, this gene is involved in stem cell signaling pathways, including Nodal signaling, and is often expressed in stem/progenitor cells.
3. **ASCL2**: A transcription factor that plays a key role in maintaining intestinal stem cell identity and regulating Wnt signaling.
4. **IGFBPL1**: Insulin-like growth factor-binding protein-like 1, which may play a role in growth factor signaling and cellular proliferation.
5. **SLC39A2**: A zinc transporter involved in cellular zinc homeostasis, which is important for cell proliferation and differentiation.
6. **FABP5P7**: A pseudogene related to fatty acid-binding proteins, which are involved in lipid metabolism.
7. **KRT8P13**: A pseudogene related to keratin 8, which is associated with epithelial cells and cytoskeletal organization.

These functional markers suggest a role in stemness, proliferation, and epithelial cell maintenance, which are characteristic of intestinal stem cells or progenitor cells.

---

### **Step 2: List the Key Cell Type Markers**
Next, I will extract and group genes that are associated with specific cell types in the large intestine.

1. **LGR5**: A definitive marker of intestinal stem cells located at the base of the crypts in the large intestine.
2. **ASCL2**: A marker of intestinal stem cells, often co-expressed with LGR5.
3. **TDGF1**: Expressed in stem/progenitor cells, particularly in tissues with high regenerative capacity.
4. **KRT8P13**: Indicates epithelial lineage, as keratins are structural proteins in epithelial cells.
5. **SLC39A2**: While not specific to a single cell type, its expression in the context of other markers may suggest a role in epithelial or stem cell function.

The presence of **LGR5**, **ASCL2**, and **TDGF1** strongly points to intestinal stem cells, which are critical for maintaining the epithelial lining of the large intestine.

---

### **Step 3: Cross-reference Known Databases**
Using scRNA-seq databases (e.g., Human Cell Atlas, PanglaoDB, CellMarker) and relevant literature, I cross-reference the identified markers:

1. **LGR5** and **ASCL2** are well-documented markers of intestinal stem cells in the crypt base of the large intestine.
2. **TDGF1** is associated with stem/progenitor cells in various tissues, including the intestine.
3. **KRT8** (and its pseudogene KRT8P13) is expressed in epithelial cells, including those in the intestine.
4. **SLC39A2** is expressed in epithelial cells and may play a role in zinc transport in the intestinal epithelium.

The combination of these markers aligns with the profile of **intestinal stem cells** or **progenitor cells**.

---

### **Step 4: Determine the Most Probable General Cell Type**
Based on the expression of these markers, the most probable general cell type is **intestinal stem cells**. These cells reside at the base of the crypts in the large intestine and are responsible for regenerating the intestinal epithelium.

---

### **Step 5: Identify the Top 3 Most Probable Sub Cell Types**
Within the general category of intestinal stem cells, I will identify the top three most probable subtypes based on the marker expression:

1. **LGR5+ Crypt Base Columnar Cells (CBCs)**: These are the canonical intestinal stem cells located at the crypt base, characterized by high expression of **LGR5**, **ASCL2**, and **TDGF1**.
2. **Progenitor Transit-Amplifying Cells**: These are rapidly dividing cells derived from LGR5+ stem cells, which express some stem cell markers but at lower levels.
3. **Reserve Stem Cells**: These are quiescent stem cells that can be activated during injury or stress. They may express some stem cell markers but are less well-defined.

**Most Likely Subtype**: The expression of **LGR5**, **ASCL2**, and **TDGF1** strongly supports the identification of **LGR5+ Crypt Base Columnar Cells (CBCs)** as the most likely subtype.

---

### **Step 6: Provide a Concise Summary of Your Analysis**
The provided marker list is highly indicative of **intestinal stem cells**, specifically the **LGR5+ Crypt Base Columnar Cells (CBCs)**. These cells are located at the base of the crypts in the large intestine and are responsible for maintaining the epithelial lining through continuous regeneration. The expression of key markers such as **LGR5**, **ASCL2**, and **TDGF1** strongly supports this annotation.

---

**FINAL ANNOTATION COMPLETED** | Coupling Validator: ### Validation Process:

#### **Step 1: Marker Consistency**
1. **Markers in the provided marker list**:
   - The key markers used in the annotation (**LGR5**, **TDGF1**, **ASCL2**, **IGFBPL1**, **SLC39A2**, **FABP5P7**, **KRT8P13**) are all present in the provided marker list. This satisfies the requirement for marker consistency.

2. **Consistency between identified cell type and markers**:
   - **LGR5**, **ASCL2**, and **TDGF1** are well-established markers of intestinal stem cells, particularly **LGR5+ Crypt Base Columnar Cells (CBCs)**, as supported by literature and databases.
   - **KRT8P13** (a pseudogene of keratin 8) and **SLC39A2** are consistent with epithelial lineage and stem/progenitor cell function, which aligns with the annotation of intestinal stem cells.
   - **IGFBPL1** and **FABP5P7** are less specific but may play roles in cellular proliferation and metabolism, which are consistent with the functional characteristics of intestinal stem cells.

   The markers used are consistent with the identified cell type (**intestinal stem cells**, specifically **LGR5+ CBCs**).

#### **Step 2: Mixed Cell Type Consideration**
1. The annotation does not suggest the presence of multiple distinct cell types. The markers used (e.g., **LGR5**, **ASCL2**, **TDGF1**) strongly point to a single, well-defined cell type: **intestinal stem cells**.
2. There is no strong evidence from the marker list or analysis to suggest a mixed population. The annotation appropriately focuses on a single cell type.

---

### Validation Result: VALIDATION PASSED | Formatting Agent: {
  ""main_cell_type"": ""intestinal stem cells"",
  ""sub_cell_types"": [
    ""LGR5+ Crypt Base Columnar Cells (CBCs)"",
    ""Progenitor Transit-Amplifying Cells"",
    ""Reserve Stem Cells""
  ],
  ""possible_mixed_cell_types"": [],
  ""num_markers"": 50
}",78,"The annotation analysis demonstrates several strengths but also has some notable limitations:

Strengths:
1. The identification of LGR5+ intestinal stem cells is well-supported by the presence of canonical markers LGR5 and ASCL2, which are indeed highly specific markers for intestinal stem cells.

2. The analysis properly considers the tissue context (large intestine) when making the annotation.

3. The methodology is systematic and considers multiple lines of evidence rather than relying on a single marker.

Limitations:
1. Over-reliance on stem cell interpretation: While LGR5 and ASCL2 are indeed present, they are not among the very top markers in the list (appearing as #7 and #14 respectively). The analysis may be putting too much weight on these markers while not adequately considering other possibilities based on higher-ranked genes.

2. Insufficient attention to pseudogenes: Many of the top markers are pseudogenes (HMGN2P6, CHCHD2P9, PPIAP40, etc.), which could indicate specific cellular states or conditions. These were not thoroughly addressed in the analysis.

3. Limited consideration of alternative cell types: Given that many of the top markers are housekeeping genes and pseudogenes, there should have been more discussion about the possibility of other epithelial cell types or transitional states.

4. Rank consideration: The analysis doesn't give appropriate weight to the highest-ranked markers (AL031284.1, AC012085.1, IGFBPL1). The top markers should have been given more consideration in the final determination.

5. The conclusion about LGR5+ CBCs, while possible, might be too specific given the marker profile. A more general annotation of ""intestinal epithelial cells with stem-like features"" might have been more appropriate given the uncertainty in the top markers.

The analysis is technically sound and follows a good systematic approach, but it may be overconfident in its specific conclusion about LGR5+ CBCs given the actual ranking of markers and the presence of many pseudogenes and housekeeping genes at the top of the list."
intestinal enteroendocrine cell,Enteroendocrine Cells,"L-cells, EC-cells, D-cells",L-cells and EC-cells,50,"GCG, PCSK1, AC090679.1, UCN3, PYY, INSL5, CHGA, LCN15, SCG2, FEV, CPLX2, NKX2-2, AL133325.3, C1orf127, LINC01014, SCGN, SLC18A1, SCG3, SCG5, TPH1, MARCH4, INSM1, RTN1, CRYBA2, SNAP25, CHGB, CRMP1, KCNB2, RFX6, AMER3, SLC32A1, CDK5R2, AVPR1B, VWA5B2, AC022893.2, ABCC8, RIMBP2, AL161658.1, COL2A1, CELF3, SCT, RIIAD1, SSTR5-AS1, RGS4, ARX, PRPH, INA, F5, AP003062.3, SLC5A8",1,openai/gpt-4o-2024-11-20,openrouter,large intestine,human,,"Final Annotation Agent: ### Step-by-Step Analysis:

#### 1. **List the Key Functional Markers**
   - **GCG (Glucagon):** A hormone primarily secreted by enteroendocrine cells in the gut and pancreatic alpha cells. It plays a role in glucose metabolism and energy homeostasis.
   - **PCSK1 (Proprotein Convertase Subtilisin/Kexin Type 1):** Involved in the processing of prohormones, including proglucagon, into active hormones like glucagon and GLP-1.
   - **UCN3 (Urocortin 3):** A neuropeptide expressed in enteroendocrine cells, associated with stress response and glucose regulation.
   - **PYY (Peptide YY):** A gut hormone secreted by enteroendocrine cells, involved in appetite regulation and digestion.
   - **INSL5 (Insulin-like 5):** A hormone expressed in enteroendocrine cells, particularly in the colon, associated with gut motility and appetite regulation.
   - **CHGA (Chromogranin A):** A marker of neuroendocrine cells, involved in the formation of secretory granules.
   - **SCGN (Secretagogin):** A calcium-binding protein expressed in neuroendocrine cells, involved in vesicle trafficking and secretion.
   - **TPH1 (Tryptophan Hydroxylase 1):** A key enzyme in serotonin biosynthesis, expressed in enteroendocrine cells.
   - **SLC18A1 (VMAT1):** A vesicular monoamine transporter, associated with serotonin and other monoamine storage in neuroendocrine cells.
   - **SCT (Secretin):** A hormone secreted by enteroendocrine cells, involved in regulating pH in the duodenum.
   - **SSTR5-AS1 (Somatostatin Receptor 5 Antisense RNA 1):** Associated with somatostatin signaling, which regulates hormone secretion in the gut.

   **Summary of Functional Markers:** The markers indicate a strong association with enteroendocrine functions, including hormone secretion (e.g., glucagon, PYY, INSL5, secretin), serotonin biosynthesis (TPH1), and vesicle trafficking (SCGN, SLC18A1).

---

#### 2. **List the Key Cell Type Markers**
   - **CHGA, CHGB (Chromogranins A and B):** Canonical markers of neuroendocrine cells.
   - **SCG2, SCG3, SCG5 (Secretogranins):** Neuroendocrine granule proteins, indicating secretory activity.
   - **FEV (ETS Transcription Factor):** A transcription factor associated with serotonin-producing enteroendocrine cells.
   - **NKX2-2 (NK2 Homeobox 2):** A transcription factor critical for the development of enteroendocrine cells.
   - **RFX6 (Regulatory Factor X6):** A transcription factor essential for the differentiation of enteroendocrine cells in the intestine.
   - **ARX (Aristaless Related Homeobox):** A transcription factor involved in the development of glucagon-secreting cells.
   - **SLC32A1 (Vesicular Inhibitory Amino Acid Transporter):** Associated with GABAergic signaling, often found in neuroendocrine cells.
   - **PRPH (Peripherin) and INA (Alpha Internexin):** Intermediate filament proteins expressed in neuroendocrine cells.
   - **SNAP25 (Synaptosomal-Associated Protein 25):** A protein involved in vesicle fusion and neurotransmitter release, expressed in neuroendocrine cells.

   **Summary of Cell Type Markers:** The markers strongly suggest a neuroendocrine lineage, specifically enteroendocrine cells in the gut. The presence of transcription factors like NKX2-2, RFX6, and ARX further supports this conclusion.

---

#### 3. **Cross-reference Known Databases**
   - Using databases like **PanglaoDB**, **CellMarker**, and literature on scRNA-seq of intestinal tissues:
     - **GCG, PCSK1, PYY, INSL5, TPH1, SCT, CHGA, CHGB, SCGN, RFX6, NKX2-2, ARX** are well-documented markers of **enteroendocrine cells** in the intestine.
     - Subtypes of enteroendocrine cells include **L-cells (PYY, GLP-1), K-cells (GIP), I-cells (CCK), D-cells (somatostatin), and EC-cells (serotonin)**.
     - The co-expression of **GCG, PCSK1, PYY, INSL5, and TPH1** suggests a mixed population of L-cells and EC-cells.

---

#### 4. **Determine the Most Probable General Cell Type**
   - Based on the expression of neuroendocrine markers (CHGA, CHGB, SCG proteins) and enteroendocrine-specific markers (GCG, PYY, INSL5, TPH1, SCT), the most probable general cell type is:
     **Enteroendocrine Cells**.

---

#### 5. **Identify the Top 3 Most Probable Sub Cell Types**
   - **1. L-cells:** These cells secrete GLP-1, PYY, and INSL5. The presence of GCG, PCSK1, PYY, and INSL5 strongly supports this subtype.
   - **2. EC-cells (Enterochromaffin cells):** These cells produce serotonin and express TPH1, SCGN, and SLC18A1. The presence of TPH1 and SCGN supports this subtype.
   - **3. D-cells:** These cells secrete somatostatin and express markers like SSTR5-AS1. While less prominent, the presence of SSTR5-AS1 suggests a minor population of D-cells.

   **Most Likely Subtype:** **L-cells** are the most likely subtype due to the strong expression of GCG, PCSK1, PYY, and INSL5, which are hallmark markers of L-cells.

---

#### 6. **Provide a Concise Summary of Your Analysis**
   - The cluster of cells is most likely **enteroendocrine cells** from the large intestine. These cells are specialized for hormone secretion and play a critical role in gut physiology.
   - The top three probable subtypes are:
     1. **L-cells** (most likely): Secreting GLP-1, PYY, and INSL5.
     2. **EC-cells:** Serotonin-producing cells.
     3. **D-cells:** Somatostatin-secreting cells.
   - The most likely subtype is **L-cells**, based on the dominant expression of GCG, PCSK1, PYY, and INSL5.

---

**FINAL ANNOTATION COMPLETED** | Coupling Validator: ### Validation Process:

#### 1. **Marker Consistency**
- The provided marker list includes the following markers: **GCG, PCSK1, UCN3, PYY, INSL5, CHGA, SCGN, TPH1, SLC18A1, SCT, SSTR5-AS1**, and others.
- The annotation result identifies these markers as key functional and cell type markers, and they are consistent with the provided marker list.
- The identified markers are well-documented in the literature and databases (e.g., PanglaoDB, CellMarker) as being associated with **enteroendocrine cells** and their subtypes (e.g., L-cells, EC-cells, D-cells). 

#### 2. **Mixed Cell Type Consideration**
- The annotation result acknowledges the possibility of a mixed population, as evidenced by the co-expression of markers associated with different enteroendocrine subtypes:
  - **L-cells:** Markers such as **GCG, PCSK1, PYY, INSL5**.
  - **EC-cells:** Markers such as **TPH1, SCGN, SLC18A1**.
  - **D-cells:** Marker **SSTR5-AS1**.
- The annotation appropriately flags the presence of multiple subtypes (L-cells, EC-cells, D-cells) and identifies **L-cells** as the dominant subtype based on the strongest marker expression. This is a reasonable conclusion given the data.

#### 3. **Final Annotation**
- The annotation result concludes that the cluster represents **enteroendocrine cells**, with **L-cells** being the most likely subtype. This conclusion is consistent with the marker evidence and the known biology of enteroendocrine cells.

---

### Validation Result: **VALIDATION PASSED** | Formatting Agent: {
  ""main_cell_type"": ""Enteroendocrine Cells"",
  ""sub_cell_types"": [
    ""L-cells"",
    ""EC-cells"",
    ""D-cells""
  ],
  ""possible_mixed_cell_types"": [
    ""L-cells and EC-cells""
  ],
  ""num_markers"": 50
}",95,"The annotation results demonstrate excellent scientific accuracy and thoroughness in several key aspects:

Strengths:
1. Strong prioritization of top markers - The analysis correctly emphasizes GCG, PCSK1, and PYY which appear early in the marker list and are indeed canonical markers for enteroendocrine cells, particularly L-cells.

2. Comprehensive marker integration:
- Considers both hormone-related markers (GCG, PYY, INSL5)
- Includes transcription factors (NKX2-2, RFX6, ARX)
- Accounts for structural/secretory proteins (CHGA, CHGB, SCG family)

3. Appropriate cell type identification:
- Correctly identifies the main cell type as enteroendocrine cells
- Accurately determines L-cells as the primary subtype based on multiple consistent markers
- Appropriately recognizes the possibility of mixed populations

4. Context-awareness:
- Takes into account the tissue origin (large intestine)
- Considers the biological relationships between different subtypes
- References appropriate databases and literature

Minor limitations:
1. Could have placed slightly more emphasis on UCN3, which appears early in the marker list
2. The discussion of D-cells could be more tentative as the evidence (mainly SSTR5-AS1) is relatively weak
3. Could have provided more quantitative assessment of the relative proportions of different subtypes

Overall, the annotation demonstrates exceptional scientific rigor, balanced marker consideration, and appropriate identification of both main and subtypes while maintaining awareness of the tissue context. The minor limitations do not significantly impact the overall quality of the analysis."
monocyte,Oligodendrocyte Precursor Cells (OPCs),"Mature Oligodendrocytes, Neurons (Inhibitory or Excitatory)",Neural/Glial Cells,50,"NKAIN3, SPP1, CDH19, TSPAN11, PLP1, L1CAM, MYOT, IGSF11, NRXN1, SLC35F1, AL136298.1, SFRP5, Z97205.2, AL358216.1, SOX10, MEGF10, SYT10, CADM2, SLITRK2, SOX2, CRTAC1, CHL1, ZNF536, FOXD3, PTPRZ1, GRIK3, TUBB2B, CMTM5, LINC01436, TTYH1, ADARB2, CDH2, TENM3, WNT6, ATP1A2, NRXN3, KCNMB4, TMEM132B, LPL, GFRA2, CHADL, FLRT1, CHST9, GJC3, Z95114.1, RHAG, FOXD3-AS1, BMS1P10, FAM19A5, FGFBP2",1,openai/gpt-4o-2024-11-20,openrouter,large intestine,human,,"Final Annotation Agent: To annotate the cell type based on the provided ranked marker list, I will follow the outlined steps systematically.

---

### **Step 1: List the Key Functional Markers**
Key functional markers are genes that are associated with specific biological functions or pathways. From the provided list, the following markers stand out:

1. **SPP1 (Secreted Phosphoprotein 1)**: Encodes osteopontin, a multifunctional protein involved in cell adhesion, migration, and immune regulation. It is often expressed in immune cells and stromal cells.
2. **SOX10**: A transcription factor critical for neural crest development and glial cell differentiation.
3. **SOX2**: A transcription factor involved in maintaining stemness and pluripotency, often expressed in progenitor or stem-like cells.
4. **PLP1 (Proteolipid Protein 1)**: A major component of myelin, associated with oligodendrocytes and glial cells.
5. **L1CAM (L1 Cell Adhesion Molecule)**: Involved in neural development and cell adhesion, often expressed in neurons and glial cells.
6. **FOXD3**: A transcription factor involved in neural crest cell development and differentiation.
7. **PTPRZ1 (Protein Tyrosine Phosphatase Receptor Type Z1)**: A marker of glial cells, particularly oligodendrocyte precursor cells (OPCs).
8. **NRXN1/NRXN3 (Neurexins 1 and 3)**: Synaptic adhesion molecules critical for neuronal communication.
9. **TUBB2B (Tubulin Beta 2B)**: A cytoskeletal protein associated with neurons and glial cells.
10. **ADARB2 (Adenosine Deaminase RNA Specific B2)**: A marker of neuronal cells, particularly inhibitory neurons.
11. **GFRA2 (GDNF Family Receptor Alpha 2)**: A receptor involved in neuronal survival and differentiation.
12. **WNT6**: A member of the Wnt signaling pathway, often associated with stem cells and tissue development.

These markers suggest a strong association with neural, glial, or progenitor cell functions.

---

### **Step 2: List the Key Cell Type Markers**
Key cell type markers are genes specifically associated with certain cell types. From the list, the following markers are notable:

1. **SOX10, PLP1, PTPRZ1**: Strong markers of oligodendrocytes or oligodendrocyte precursor cells (OPCs).
2. **SOX2**: A marker of stem-like or progenitor cells, including neural progenitors.
3. **L1CAM, NRXN1, NRXN3, SYT10, CADM2**: Markers of neurons, particularly excitatory or inhibitory neurons.
4. **SPP1**: Expressed in immune cells (e.g., macrophages) and stromal cells, but also in some glial cells.
5. **TUBB2B, ADARB2**: Neuronal markers, with ADARB2 being specific to inhibitory neurons.
6. **GFRA2**: A marker of neuronal cells, particularly those responsive to GDNF signaling.
7. **FOXD3**: Associated with neural crest-derived cells, including glial cells.
8. **CRTAC1**: A marker of cartilage and connective tissue, but also expressed in some neural cells.
9. **CHL1 (Close Homolog of L1)**: A neural cell adhesion molecule, expressed in neurons and glial cells.
10. **KCNMB4**: A potassium channel subunit, often expressed in neurons.

These markers collectively suggest a neural lineage, with a strong emphasis on glial cells (oligodendrocytes/OPCs) and neurons.

---

### **Step 3: Cross-reference Known Databases**
Using scRNA-seq databases (e.g., PanglaoDB, CellMarker, and Human Protein Atlas) and literature:

1. **SOX10, PLP1, PTPRZ1**: These are well-established markers of oligodendrocytes and OPCs.
2. **SOX2**: Found in neural progenitor cells and stem-like cells.
3. **L1CAM, NRXN1, NRXN3**: Found in neurons, particularly in synaptic regions.
4. **SPP1**: Expressed in macrophages, stromal cells, and some glial cells.
5. **ADARB2**: A marker of inhibitory neurons.
6. **GFRA2**: Found in neurons, particularly those involved in GDNF signaling.
7. **FOXD3**: Expressed in neural crest-derived cells, including glial cells.

Cross-referencing confirms that the markers are predominantly associated with neural and glial cell types, particularly oligodendrocytes, OPCs, and neurons.

---

### **Step 4: Determine the Most Probable General Cell Type**
Based on the expression of these markers, the most probable general cell type is **neural/glial cells**. The presence of SOX10, PLP1, and PTPRZ1 strongly suggests a glial lineage, specifically oligodendrocytes or OPCs. However, the presence of neuronal markers (e.g., NRXN1, NRXN3, ADARB2) also indicates a potential neuronal component.

---

### **Step 5: Identify the Top 3 Most Probable Sub Cell Types**
Based on the marker expression, the top three most probable sub cell types are:

1. **Oligodendrocyte Precursor Cells (OPCs)**: Markers such as SOX10, PLP1, and PTPRZ1 are highly specific to OPCs.
2. **Mature Oligodendrocytes**: Similar markers (SOX10, PLP1) are also expressed in mature oligodendrocytes, though at different levels.
3. **Neurons (Inhibitory or Excitatory)**: Markers such as NRXN1, NRXN3, ADARB2, and L1CAM suggest a neuronal component, particularly inhibitory neurons.

**Most Likely Subtype**: Oligodendrocyte Precursor Cells (OPCs) are the most likely subtype, given the strong expression of SOX10, PLP1, and PTPRZ1, which are hallmark markers of OPCs.

---

### **Step 6: Provide a Concise Summary of Your Analysis**
The provided marker list is predominantly associated with neural and glial cell types. Key markers such as SOX10, PLP1, and PTPRZ1 strongly suggest a glial lineage, specifically oligodendrocyte precursor cells (OPCs). Additional markers (e.g., NRXN1, NRXN3, ADARB2) indicate a potential neuronal component, but the overall expression profile aligns most closely with OPCs.

**Final Annotation**: Oligodendrocyte Precursor Cells (OPCs)

---

**FINAL ANNOTATION COMPLETED** | Coupling Validator: ### Validation Process:

#### **Step 1: Marker Consistency**
1. **Markers in the Annotation Result**:
   - The annotation result lists markers such as **SOX10, PLP1, PTPRZ1, SPP1, SOX2, L1CAM, NRXN1, NRXN3, ADARB2, TUBB2B, GFRA2, FOXD3, WNT6**, etc.
   - These markers are all present in the provided marker list, ensuring consistency.

2. **Consistency Between Identified Cell Type and Markers**:
   - The annotation identifies **Oligodendrocyte Precursor Cells (OPCs)** as the most likely cell type, supported by markers **SOX10, PLP1, and PTPRZ1**, which are hallmark markers of OPCs.
   - The annotation also considers the possibility of neuronal components (e.g., **NRXN1, NRXN3, ADARB2**) but concludes that the overall profile aligns most closely with OPCs. This is consistent with the marker expression.

#### **Step 2: Mixed Cell Type Consideration**
1. **Potential Mixed Cell Types**:
   - The annotation acknowledges the presence of neuronal markers (e.g., **NRXN1, NRXN3, ADARB2**) alongside OPC markers (e.g., **SOX10, PLP1, PTPRZ1**). This suggests a potential mixed population of OPCs and neurons.
   - However, the annotation appropriately prioritizes OPCs as the primary cell type based on the dominance of OPC-specific markers.

2. **Flagging for Further Investigation**:
   - While the annotation identifies OPCs as the most likely cell type, it also notes the presence of neuronal markers, which could indicate a mixed population. This is flagged for further investigation but does not invalidate the annotation.

---

### Validation Result: **VALIDATION PASSED**

The annotation is consistent with the provided marker list and appropriately identifies **Oligodendrocyte Precursor Cells (OPCs)** as the most likely cell type. The potential presence of a mixed population is acknowledged and flagged for further investigation, which is the correct approach. No revisions are necessary. | Formatting Agent: {
  ""main_cell_type"": ""Oligodendrocyte Precursor Cells (OPCs)"",
  ""sub_cell_types"": [
    ""Mature Oligodendrocytes"",
    ""Neurons (Inhibitory or Excitatory)""
  ],
  ""possible_mixed_cell_types"": [
    ""Neural/Glial Cells""
  ],
  ""num_markers"": 50
}",65,"After careful analysis of the annotation results, I have several observations:

Strengths:
1. The annotation process was systematic and thorough, considering multiple markers and their relationships.
2. The analysis appropriately considered the tissue origin (human large intestine) though this should have raised more questions about the neural markers.
3. The methodology showed good balance in considering multiple markers rather than over-relying on any single one.

Significant Concerns:
1. The most critical issue is that the annotation seems to have overlooked the biological context. Finding OPCs in the large intestine should have raised red flags, as these cells are primarily found in the central nervous system, not the intestine.

2. While the neural/glial markers are indeed present (SOX10, PLP1, PTPRZ1), in the context of intestinal tissue, these markers often have different implications:
- SOX10 in intestinal tissue is typically associated with enteric neural crest derivatives
- PLP1 and PTPRZ1 in this context might indicate enteric glial cells

3. The analysis should have considered the possibility of enteric nervous system components rather than jumping to OPCs, given the tissue origin.

4. The ranking of markers wasn't given enough weight. NKAIN3 and SPP1, being at the top of the list, should have received more attention in the analysis.

Suggestions for Improvement:
1. The annotation should have first considered the tissue context before making cell type assignments.
2. A more appropriate annotation might have been ""Enteric Glial Cells"" or ""Enteric Neural Crest Derivatives.""
3. The presence of SPP1 near the top of the marker list deserved more attention, as it could indicate other cell types in the intestinal context.

While the technical analysis of markers was thorough, the biological context was largely ignored, leading to a potentially misleading conclusion. The methodology was sound, but the final interpretation needs significant revision."
"cd8-positive, alpha-beta t cell",Cytotoxic T lymphocytes (CD8+ T cells),"Tissue-resident memory CD8+ T cells (TRM CD8+ T cells), Effector CD8+ T cells, Gamma-delta T cells",,50,"KLRC2, XCL2, LINC02446, CRTAM, KLRK1, KLRC4, KLRD1, XCL1, GZMH, CD160, CD8B, NKG7, GZMA, GZMB, GZMK, CD8A, TRGC2, SLA2, TIGIT, TNFRSF9, GPR18, CCL4, PRF1, ATP8B4, APBA2, CCL4L2, DUSP4, CTSW, TMIGD2, TRGC1, CCL5, ABI3, IL21R, IFNG, CD7, CLIC3, ENTPD1, LDLRAD4, PTPN22, HOPX, GZMM, CST7, PARD6G, ZEB2, SH2D1A, LAYN, LAG3, PRKCH, AOAH, IKZF2",1,openai/gpt-4o-2024-11-20,openrouter,large intestine,human,,"Final Annotation Agent: ### Step-by-Step Analysis:

#### 1. **List the Key Functional Markers**
   - **KLRC2, KLRC4, KLRK1, KLRD1**: These genes encode natural killer (NK) cell receptors, which are involved in recognizing and responding to infected or transformed cells. They are critical for cytotoxic activity and immune surveillance.
   - **XCL1, XCL2**: These are chemokines that are highly expressed in cytotoxic lymphocytes, including NK cells and CD8+ T cells, and are involved in recruiting other immune cells.
   - **GZMH, GZMA, GZMB, GZMK, GZMM**: These are granzyme family members, which are serine proteases involved in inducing apoptosis in target cells. They are hallmark markers of cytotoxic lymphocytes.
   - **PRF1 (Perforin)**: A key protein involved in the cytotoxic activity of NK cells and CD8+ T cells, enabling granzyme entry into target cells.
   - **IFNG (Interferon-gamma)**: A cytokine produced by cytotoxic lymphocytes, critical for immune responses against intracellular pathogens and tumor cells.
   - **CCL4, CCL5, CCL4L2**: Chemokines involved in recruiting other immune cells to sites of inflammation or infection.
   - **TIGIT, LAG3, SH2D1A**: These are immune checkpoint molecules or signaling adaptors, often associated with T cell activation or exhaustion.
   - **CRTAM**: A marker of activated cytotoxic T cells and NK cells, involved in adhesion and immune synapse formation.
   - **CD160**: A receptor expressed on cytotoxic lymphocytes, associated with activation and cytotoxic function.
   - **NKG7**: A marker of cytotoxic granule exocytosis, expressed in NK cells and CD8+ T cells.
   - **TRGC1, TRGC2**: T cell receptor gamma chain genes, indicative of gamma-delta T cells, a subset of T cells with cytotoxic functions.
   - **DUSP4, ZEB2, IKZF2**: Transcription factors or regulators associated with T cell differentiation and function.
   - **LAYN, LAG3, TIGIT**: Markers of T cell exhaustion or activation, often seen in chronic immune responses.

#### 2. **List the Key Cell Type Markers**
   - **CD8A, CD8B**: Canonical markers of CD8+ T cells, which are cytotoxic T lymphocytes.
   - **CD7**: A pan-T cell marker, expressed on most T cells, including CD8+ and gamma-delta T cells.
   - **TRGC1, TRGC2**: Specific to gamma-delta T cells, a subset of T cells with innate-like cytotoxic functions.
   - **HOPX**: A marker of tissue-resident memory T cells (TRM), which are long-lived T cells residing in tissues.
   - **ENTPD1 (CD39)**: A marker of regulatory or exhausted T cells, often co-expressed with other exhaustion markers like LAG3 and TIGIT.
   - **GPR18**: A marker associated with tissue-resident lymphocytes, including TRM cells.
   - **AOAH, CST7**: Associated with cytotoxic lymphocytes, including NK cells and CD8+ T cells.

#### 3. **Cross-reference Known Databases**
   - Using databases such as the Human Cell Atlas, PanglaoDB, and CellMarker, the markers listed above strongly align with cytotoxic lymphocytes, particularly CD8+ T cells, gamma-delta T cells, and NK cells.
   - The co-expression of CD8A, CD8B, and cytotoxic markers (e.g., GZMA, GZMB, PRF1) suggests a CD8+ T cell identity.
   - The presence of TRGC1 and TRGC2 suggests a potential gamma-delta T cell population.
   - Markers like KLRC2, KLRK1, and CD160 are also expressed in NK cells, but the strong expression of CD8A and CD8B makes NK cells less likely.

#### 4. **Determine the Most Probable General Cell Type**
   - Based on the expression of cytotoxic markers (e.g., GZMA, GZMB, PRF1), CD8+ T cell markers (CD8A, CD8B), and tissue-resident markers (HOPX, GPR18), the most probable general cell type is **cytotoxic T lymphocytes (CD8+ T cells)**.

#### 5. **Identify the Top 3 Most Probable Sub Cell Types**
   1. **Tissue-resident memory CD8+ T cells (TRM CD8+ T cells)**:
      - Markers like HOPX, GPR18, and ENTPD1 suggest a tissue-resident phenotype.
      - These cells are long-lived and reside in tissues like the intestine, providing localized immune surveillance.
   2. **Effector CD8+ T cells**:
      - High expression of cytotoxic markers (GZMA, GZMB, PRF1) and chemokines (CCL4, CCL5) suggests an effector phenotype, which is actively involved in killing infected or transformed cells.
   3. **Gamma-delta T cells**:
      - The presence of TRGC1 and TRGC2 suggests a gamma-delta T cell population, which is a subset of T cells with innate-like cytotoxic functions.

   - **Most Likely Subtype**: Tissue-resident memory CD8+ T cells (TRM CD8+ T cells) are the most likely subtype due to the co-expression of CD8A, CD8B, HOPX, and GPR18, which are hallmark markers of this population in the intestine.

#### 6. **Provide a Concise Summary of Your Analysis**
   - The cluster of cells is most likely composed of **cytotoxic T lymphocytes (CD8+ T cells)**. The expression of CD8A, CD8B, and cytotoxic markers (e.g., GZMA, GZMB, PRF1) confirms this identity. Among the subtypes, the most probable is **tissue-resident memory CD8+ T cells (TRM CD8+ T cells)**, as indicated by the expression of HOPX, GPR18, and ENTPD1, which are characteristic of tissue-resident lymphocytes in the intestine. Effector CD8+ T cells and gamma-delta T cells are also possible but less likely.

**FINAL ANNOTATION COMPLETED** | Coupling Validator: ### Validation Process:

#### 1. **Marker Consistency**
   - The proposed annotation identifies the cluster as **cytotoxic T lymphocytes (CD8+ T cells)**, with a focus on **tissue-resident memory CD8+ T cells (TRM CD8+ T cells)** as the most likely subtype.
   - The markers used in the annotation (e.g., **KLRC2, XCL2, CRTAM, KLRK1, GZMH, CD160, CD8B, NKG7, GZMA, GZMB, CD8A, TRGC2, TIGIT, GPR18, PRF1, ENTPD1, HOPX, LAYN, LAG3**) are all present in the provided **Marker List**.
   - The markers align well with the identified cell type:
     - **CD8A, CD8B**: Canonical markers of CD8+ T cells.
     - **GZMA, GZMB, PRF1, NKG7**: Hallmark markers of cytotoxic lymphocytes.
     - **HOPX, GPR18, ENTPD1**: Markers of tissue-resident memory T cells (TRM).
     - **TRGC1, TRGC2**: Markers of gamma-delta T cells, which are a subset of T cells with cytotoxic functions.
     - **KLRC2, KLRK1, CRTAM**: Markers associated with NK cells but also expressed in cytotoxic T cells.
   - The annotation is consistent with the provided marker list and the known functions of these markers.

#### 2. **Mixed Cell Type Consideration**
   - The annotation acknowledges the potential presence of **gamma-delta T cells** (supported by **TRGC1, TRGC2**) and **effector CD8+ T cells** (supported by high expression of cytotoxic markers like **GZMA, GZMB, PRF1**).
   - However, the strong co-expression of **CD8A, CD8B, HOPX, GPR18, ENTPD1** supports the primary identity as **tissue-resident memory CD8+ T cells (TRM CD8+ T cells)**.
   - While there is evidence for mixed populations (e.g., gamma-delta T cells), the annotation appropriately prioritizes the most likely subtype based on the marker expression profile.
   - The possibility of mixed cell types is flagged in the annotation, and the gamma-delta T cell population is noted as a less likely but possible subtype.

#### 3. **Final Assessment**
   - The annotation is well-supported by the marker list and the expression profile.
   - The possibility of mixed cell types is acknowledged, but the primary identity as **tissue-resident memory CD8+ T cells (TRM CD8+ T cells)** is strongly supported by the data.
   - No major inconsistencies or errors are identified in the annotation process.

### Validation Result:
**VALIDATION PASSED** | Formatting Agent: {
  ""main_cell_type"": ""Cytotoxic T lymphocytes (CD8+ T cells)"",
  ""sub_cell_types"": [
    ""Tissue-resident memory CD8+ T cells (TRM CD8+ T cells)"",
    ""Effector CD8+ T cells"",
    ""Gamma-delta T cells""
  ],
  ""possible_mixed_cell_types"": [],
  ""num_markers"": 50
}",95,"The annotation demonstrates several strong points and a few minor limitations:

Strengths:
1. Comprehensive marker analysis: The annotation thoroughly examines multiple marker categories, including cytotoxic markers (GZMA, GZMB, PRF1), T cell markers (CD8A, CD8B), and tissue-residency markers (HOPX, GPR18). This shows a balanced approach rather than over-relying on single markers.

2. Proper prioritization: The analysis correctly emphasizes the importance of high-ranking markers in the list. KLRC2, XCL2, and CRTAM, which appear at the top of the marker list, are given appropriate consideration in the analysis.

3. Accurate cell type identification: The main annotation as CD8+ T cells, specifically tissue-resident memory cells, is well-supported by the marker profile. The presence of CD8A/B, cytotoxic markers, and tissue-residency markers strongly supports this conclusion.

4. Context consideration: The annotation takes into account the tissue origin (large intestine), where tissue-resident memory T cells are known to be present, strengthening the conclusion.

Minor limitations:
1. While the annotation mentions gamma-delta T cells as a possibility (due to TRGC1/2), it could have provided more detailed discussion about why this population is considered less likely despite these markers being present.

2. The potential for some NK cell features (given markers like KLRC2, KLRK1) could have been discussed more explicitly, although the final conclusion correctly prioritizes the CD8+ T cell identity based on the overall marker profile.

Overall, the annotation provides a highly accurate and well-reasoned analysis that effectively balances multiple lines of evidence and properly weighs the importance of different markers based on their ranking and biological significance."
plasma cell,Plasma Cells,"IgA-secreting Plasma Cells, IgG-secreting Plasma Cells, IgM-secreting Plasma Cells",,50,"IGLL5, IGLV6-57, JCHAIN, FAM92B, IGLC3, IGLC2, IGHV3-7, IGKC, TNFRSF17, IGHG1, AC026369.3, IGHV3-23, IGKV4-1, IGKV1-5, IGHA1, IGLV3-1, IGLV2-11, MYL2, MZB1, IGHG3, IGHV3-74, IGHM, ANKRD36BP2, AMPD1, IGKV3-20, IGHA2, DERL3, AC104699.1, LINC02362, AL391056.1, LILRB4, CCL3, BMP6, UBE2QL1, LINC00309, AL133467.1, GPRC5D, FCRL5, DNAAF1, AP002852.1, AC007569.1, CXorf21, RNU1-85P, U62317.4, TXNDC5, LINC02384, CCR10, BFSP2, APOBEC3A, AC106897.1",1,openai/gpt-4o-2024-11-20,openrouter,large intestine,human,,"Final Annotation Agent: ### Step-by-Step Analysis:

#### **Step 1: List the Key Functional Markers**
The provided marker list contains several genes that are highly specific to immunoglobulin production and immune-related functions. Below are the key functional markers and their roles:

1. **IGLL5, IGLV6-57, IGLC3, IGLC2, IGHV3-7, IGKC, IGHG1, IGHV3-23, IGKV4-1, IGKV1-5, IGHA1, IGLV3-1, IGLV2-11, IGHG3, IGHV3-74, IGHM, IGKV3-20, IGHA2**:
   - These genes encode immunoglobulin light chains (IGL), heavy chains (IGH), and variable regions (IGHV, IGKV, IGLV). They are critical for antibody production and are highly expressed in **B cells** and **plasma cells**.
   - **JCHAIN (Joining Chain of Multimeric IgA and IgM)**: This gene is essential for the polymerization of IgA and IgM antibodies, a hallmark of plasma cells.
   - **MZB1 (Marginal Zone B and B1 Cell-Specific Protein)**: A chaperone protein involved in immunoglobulin folding and secretion, highly expressed in plasma cells.
   - **TNFRSF17 (BCMA, B-cell Maturation Antigen)**: A receptor expressed on plasma cells, critical for their survival and function.
   - **FCRL5 (Fc Receptor-Like 5)**: A marker of mature B cells and plasma cells, involved in immune regulation.

2. **CCR10**:
   - A chemokine receptor that directs cells to mucosal tissues, such as the large intestine. It is often expressed in plasma cells and other immune cells in mucosal environments.

3. **CCL3**:
   - A chemokine involved in immune cell recruitment, often expressed by activated immune cells, including plasma cells.

4. **TXNDC5**:
   - A protein disulfide isomerase involved in protein folding, often upregulated in secretory cells like plasma cells.

#### **Step 2: List the Key Cell Type Markers**
The following markers are highly specific to certain cell types:

1. **Plasma Cell Markers**:
   - **JCHAIN, MZB1, TNFRSF17, FCRL5, IGHG1, IGHA1, IGHM, IGHA2, IGKC, IGLC3, IGLC2**: These markers are highly specific to plasma cells, which are terminally differentiated B cells responsible for antibody secretion.
   - **CCR10**: Indicates mucosal homing, consistent with plasma cells in the large intestine.

2. **B Cell Markers**:
   - **IGHV3-7, IGHV3-23, IGHV3-74, IGKV4-1, IGKV1-5, IGKV3-20, IGLV6-57, IGLV3-1, IGLV2-11**: These immunoglobulin variable region genes are expressed in B cells, particularly during antigen recognition and clonal expansion.

3. **Other Markers**:
   - **LILRB4**: Expressed in myeloid cells and some immune cells, but not specific to plasma cells or B cells.
   - **CCL3**: A general immune marker, not specific to a single cell type.
   - **BMP6**: Involved in tissue homeostasis, not specific to immune cells.

#### **Step 3: Cross-reference Known Databases**
Using scRNA-seq databases (e.g., Human Cell Atlas, PanglaoDB, CellMarker) and literature:
- Plasma cells are characterized by high expression of **JCHAIN, MZB1, TNFRSF17, IGHG1, IGHA1, IGHM, IGHA2, IGKC, IGLC3, IGLC2**, and other immunoglobulin-related genes.
- B cells express immunoglobulin variable region genes (**IGHV, IGKV, IGLV**) but lack the high expression of plasma cell-specific markers like **JCHAIN** and **MZB1**.
- The presence of **CCR10** suggests mucosal homing, consistent with plasma cells in the large intestine.

#### **Step 4: Determine the Most Probable General Cell Type**
Based on the high expression of immunoglobulin-related genes, **JCHAIN**, **MZB1**, and **TNFRSF17**, the most probable general cell type is **Plasma Cells**.

#### **Step 5: Identify the Top 3 Most Probable Sub Cell Types**
1. **IgA-secreting Plasma Cells** (Most Likely):
   - High expression of **IGHA1, IGHA2, JCHAIN**, and **CCR10** suggests IgA-secreting plasma cells, which are abundant in mucosal tissues like the large intestine.
2. **IgG-secreting Plasma Cells**:
   - Expression of **IGHG1, IGHG3**, and other IgG-related genes suggests the presence of IgG-secreting plasma cells.
3. **IgM-secreting Plasma Cells**:
   - Expression of **IGHM** and **JCHAIN** suggests IgM-secreting plasma cells, though they are less common in mucosal tissues.

**Most Likely Subtype**: **IgA-secreting Plasma Cells**, due to the high expression of **IGHA1, IGHA2**, and **CCR10**, which are hallmarks of mucosal plasma cells.

#### **Step 6: Provide a Concise Summary of Your Analysis**
The cluster of cells is most likely **Plasma Cells**, specifically **IgA-secreting Plasma Cells**. This conclusion is supported by the high expression of immunoglobulin-related genes (**IGHA1, IGHA2, JCHAIN**) and mucosal homing markers (**CCR10**). These cells play a critical role in mucosal immunity by secreting IgA antibodies to protect the large intestine from pathogens.

---

**FINAL ANNOTATION COMPLETED** | Coupling Validator: ### Validation Process:

#### **Step 1: Marker Consistency**
1. **Markers in the Provided Marker List**:
   - The annotation result uses markers such as **IGLL5, IGLV6-57, JCHAIN, IGLC3, IGLC2, IGHV3-7, IGKC, TNFRSF17, IGHG1, IGHV3-23, IGKV4-1, IGKV1-5, IGHA1, IGLV3-1, IGLV2-11, MZB1, IGHG3, IGHV3-74, IGHM, IGKV3-20, IGHA2, FCRL5, CCR10, CCL3, TXNDC5**, and others. All these markers are present in the provided marker list, ensuring consistency.

2. **Consistency Between Identified Cell Type and Markers**:
   - The annotation identifies the cluster as **Plasma Cells**, specifically **IgA-secreting Plasma Cells**.
   - Plasma cells are characterized by high expression of **JCHAIN, MZB1, TNFRSF17, IGHG1, IGHA1, IGHM, IGHA2, IGKC, IGLC3, IGLC2**, and other immunoglobulin-related genes. These markers are present and strongly support the plasma cell identity.
   - The presence of **CCR10** further supports the annotation of **IgA-secreting Plasma Cells**, as this marker is associated with mucosal homing, consistent with plasma cells in the large intestine.

#### **Step 2: Mixed Cell Type Consideration**
1. **Potential Mixed Cell Types**:
   - The marker list includes some markers that are not specific to plasma cells, such as **LILRB4** (myeloid cells), **CCL3** (general immune marker), and **BMP6** (tissue homeostasis). However, these markers are not highly ranked or strongly expressed in the analysis, and their presence does not strongly suggest a mixed population.
   - The majority of high-ranking markers (e.g., **JCHAIN, MZB1, TNFRSF17, IGHA1, IGHA2, IGKC**) are highly specific to plasma cells, particularly IgA-secreting plasma cells. There is no strong evidence of a mixed cell population.

2. **Conclusion on Mixed Cell Types**:
   - There is no strong evidence to suggest the presence of multiple distinct cell types in this cluster. The annotation as **Plasma Cells**, specifically **IgA-secreting Plasma Cells**, is well-supported.

---

### Validation Result: **VALIDATION PASSED** | Formatting Agent: {
  ""main_cell_type"": ""Plasma Cells"",
  ""sub_cell_types"": [
    ""IgA-secreting Plasma Cells"",
    ""IgG-secreting Plasma Cells"",
    ""IgM-secreting Plasma Cells""
  ],
  ""possible_mixed_cell_types"": [],
  ""num_markers"": 50
}",95,"The annotation results demonstrate excellent scientific accuracy and methodological thoroughness. Here's my detailed analysis:

Strengths:
1. Marker Priority Consideration
- Correctly emphasized the importance of top-ranked markers (IGLL5, IGLV6-57, JCHAIN) which are highly specific to plasma cells
- Appropriately weighted the significance of immunoglobulin-related genes that appear early in the marker list

2. Comprehensive Analysis
- Systematic evaluation of markers through multiple steps
- Excellent consideration of tissue context (large intestine) in relation to CCR10 expression and IgA-producing plasma cells
- Strong scientific reasoning linking mucosal immunity to the presence of IgA-secreting plasma cells

3. Balanced Marker Usage
- Considered multiple marker categories (immunoglobulins, plasma cell-specific markers, tissue-homing markers)
- Didn't over-rely on any single marker for classification
- Appropriately addressed less specific markers (LILRB4, CCL3, BMP6) without letting them overly influence the final annotation

4. Accuracy of Final Annotation
- The identification of IgA-secreting plasma cells as the primary cell type is strongly supported by:
  * High expression of IGHA1/IGHA2
  * Presence of JCHAIN
  * Expression of mucosal-homing receptor CCR10
  * Tissue origin (large intestine)

Minor Limitations:
1. Could have provided more detailed quantitative analysis of marker expression levels
2. Might have benefited from more discussion of potential alternative cell types, though the evidence for plasma cells is very strong

The annotation successfully captures both the specific identity (IgA-secreting plasma cells) and the broader context (role in mucosal immunity) while maintaining scientific rigor and appropriate consideration of marker hierarchy."
